"","beta","p","AIC","AUC"
"T_Inflamed",0.296487891305144,0.336953703566554,183.97387470644,0.575778388278388
"Stabl_top10",-1.70947536739152,0.000156259073844433,164.504218041535,0.711538461538462
"Stabl_top15",-1.98135379974762,0.000155088888890429,163.971467601074,0.727564102564103
"Stabl_top20",-2.05561025734862,0.000184160169698443,164.001206168086,0.718635531135531
"Stabl_top25",-2.02534431496797,0.000324430994284883,165.184151028845,0.696199633699634
"Stabl_top30",-2.10559886572969,0.000274160076842175,164.860402551349,0.6996336996337
